date,hnx,vnx,hnvol,vnvol
20170103,81.4,672.01,584.5,4865.22
20170104,81.53,674.7,908.3,6630.26
20170105,81.32,675.81,2025.5,8471.642
20170106,82.09,679.8,1904.91,16716.155
20170109,82.7,682.57,566.827,6207.17
20170110,83.05,681.07,658.4,7377.408
20170111,83.48,687.16,488.7,7849.25
20170112,83.28,686.96,324.5,6365.209
20170113,83.33,685.06,366.9,8316.608
20170116,83.05,677.94,1000.044,5905.91
20170117,83.93,684.71,289.2,11262.04
20170118,83.3,683.28,951.9,7356.92
20170119,82.88,682.31,983,8192.76
20170120,83.24,686.26,751.974,11323.65
20170123,83.01,687.15,1077.5,6997.235
20170124,83.74,691.36,448.6,7489.87
20170125,84.45,697.28,4005.046,11076.434
20170202,84.63,703.18,441.1,5814.87
20170203,85.03,700.35,1444.93,7020.83
20170206,84.96,700.04,1525.21,7702.505
20170207,85.22,701.91,674.4,12190.365
20170208,85.28,702.04,325.2,9342.861
20170209,85.64,700.65,837.2,11275.952
20170210,86.03,703.78,1586,8745.01
20170213,86.42,705.9,418.8,6016.33
20170214,86.19,706.26,1571.01,6291.911
20170215,86.31,711.57,715.3,12347.422
20170216,85.64,709.35,2308.6,12941.44
20170217,85.88,707.83,2838.7,10479.18
20170220,86.53,710.59,903.81,11394.48
20170221,86.85,716.55,530.01,13501.36
20170222,86.61,717.24,791.9,9565.24
20170223,86.26,716.87,855.81,7548.06
20170224,86.31,714.47,434.6,5603.97
20170227,86.86,717.44,538.6,7413.78
20170228,86.83,710.79,675.53,5995.45
20170301,86.61,709.52,554.26,5437.44
20170302,86.6,707.51,507.9,11951.12
20170303,86.65,712.62,631.3,7341.31
20170306,86.55,716.29,486.81,8636.51
20170307,86.69,716.54,1636.67,9323.92
20170308,87.53,716.6,1093.2,7676.7
20170309,87.71,715.8,1494.2,7447.32
20170310,88.13,712.21,2186.3,6270.59
20170313,87.01,710.17,1283.827,9143.18
20170314,87.16,714.71,892.257,6735.921
20170315,87.45,713.14,431.228,7794.91
20170316,87.96,714.92,1573.621,11616.31
20170317,88.37,710.54,2141.95,29716.008
20170320,89.02,715.07,904.12,7078.09
20170321,90.12,716.18,1721.21,22749.722
20170322,89.76,712.94,2121.9,6416.26
20170323,89.89,719.56,1546.37,15432.116
20170324,91.37,722.14,1358.3,11445.26
20170327,91.38,723.52,1922.9,12839.54
20170328,90.54,719.26,1123.09,7863.41
20170329,90.66,720.47,650.105,8080.793
20170330,91.12,723.86,1123.28,8743.58
20170331,90.81,722.31,1852.07,6742.09
20170403,90.91,722.38,1357.1,5779.22
20170404,91.16,724.14,1300.15,11349.02
20170405,90.7,723.22,1766.45,12733.88
20170407,90.14,727.95,649.9,39100.554
20170410,90.43,729.87,2796.4,13977.83
20170411,90.63,731.33,1298.5,13558.65
20170412,89.91,725.58,1319.1,11511.17
20170413,90.02,724.35,637.3,13687.547
20170414,89.63,718.45,932.1,3716.41
20170417,88.29,710.83,712.2,5363.76
20170418,89.12,714.93,1409.8,19262.28
20170419,89.11,716.77,1147.81,8434.66
20170420,88.46,712.66,686,4868.83
20170421,88.87,712.41,1132.6,70784.655
20170424,88.41,709.39,571.35,6635.26
20170425,87.85,707.58,848.08,5541.93
20170426,88.55,710.04,684.61,6660.1
20170427,89.31,716.53,2439.3,12615.091
20170428,89.53,717.73,3255.039,13619.737
20170503,89.82,719.54,434.363,8603.79
20170504,89.52,722.02,2455.6,18135.018
20170505,89.71,720,1007.07,5533.314
20170508,89.13,718.86,571.1,9254.129
20170509,90.37,722.11,331.631,5502.11
20170510,90.16,724.31,602.615,8712.69
20170511,89.9,724.99,838.86,8763.208
20170512,90.38,725.37,714.3,8025.037
20170515,91.1,725.35,700.706,5571.36
20170516,91.28,725.03,1235.4,11428.8
20170517,91.9,727.2,395.24,8080.58
20170518,91.46,726.99,957.515,12215.706
20170519,92.17,733.82,1390.54,9318.13
20170522,92.71,744.1,1211.023,20355.168
20170523,91.89,740.93,2228.613,12873.842
20170524,92.96,742.74,2951.9,11032.61
20170525,93.46,741.91,747.43,13651.25
20170526,93.68,743.41,1287.803,8953.715
20170529,93.8,746.25,2550.164,9523.71
20170530,93.24,738.21,3906.735,10420.61
20170531,93.91,737.82,3188.25,17534.86
20170601,93.99,741.8,1053.602,6746.3
20170602,94.36,738.81,751.007,11487.25
20170605,94.92,743.49,851.7,6350.04
20170606,95.74,751.31,973.2,9064.69
20170607,97.46,753.46,1660.1,8453.72
20170608,97.25,750.13,7924.91,7924.91
20170609,97.36,749.72,1305.61,6713.605
20170612,96.83,751.09,1985.5,8078.77
20170613,97.31,756.89,1219.042,10583.6
20170614,97.88,760.77,1091.222,13501.744
20170615,97.77,760.57,2224.64,14384.79
20170616,98.31,761.24,2759.913,41613.814
20170619,99.41,766.83,992.186,10599.32
20170620,99.79,767.99,976.14,10482.46
20170621,98.67,767.41,693.9,10206.97
20170622,98.6,766.3,332.22,18493
20170623,98.27,769.01,275.12,7552.31
20170626,98.72,772.52,1818.11,10030.95
20170627,98.01,767.51,1061.38,10030.95
20170628,98.34,769.04,760.15,7341.09
20170629,98.79,771.75,1047.7,6701.59
20170630,99.13,776.47,1180.04,16674.539
20170703,100.32,778.88,606.22,10436.34
20170704,100.47,775.54,1359.59,7023.251
20170705,101.92,778.32,920.4,6649.75
20170706,102.6,782.65,1254.09,11874.12
20170707,101.57,775.73,1113.61,25703.754
20170710,100.37,766.56,1135.9,10427.01
20170711,100.41,769.36,1107.25,29649.37
20170712,100.55,774.17,1184.2,13135.9
20170713,100.76,778.3,1008.407,19329.637
20170714,100.42,777.6,758.041,7399.09
20170717,98.63,768.91,878.2,22261.76
20170718,98.6,767.49,1556.71,25311.882
20170719,98.8,771.3,792.54,27925.69
20170720,98.65,768.41,606.085,11562.8
20170721,97.95,761.86,870.42,11775.177
20170724,96.92,759.74,988.5,13392.549
20170725,97.81,767.27,730.5,29967.147
20170726,99.43,773.88,701.18,10072.789
20170727,99.62,771.5,1591.79,7133.52
20170728,100.55,777.09,414.75,10360.25
20170731,101.18,783.55,2235.968,17416.821
20170801,101.32,786.81,1006.094,11789.39
20170802,100.97,786.23,734.161,13541.75
20170803,101.43,788.49,2489.72,12827.69
20170804,101.93,788.68,1034.252,8255.08
20170807,102.4,792.98,6654.888,9553.37
20170808,102.28,791.57,2759.88,10639.35
20170809,101.06,773.66,1391.89,8269.1
20170810,100.97,773.43,575.3,5249.32
20170811,100.85,772.08,399.516,8223.3
20170814,101.5,776.17,632.2,5909.26
20170815,101.3,771.06,369.41,5459.02
20170816,101.74,773.57,736,6929.528
20170817,100.49,767.59,2140.5,47908.877
20170818,100.83,768.97,1170.7,5478.785
20170821,101.13,768.79,1133.6,7449.284
20170822,100.87,761.26,3221.2,10021.38
20170823,101.27,765.98,979.89,8197.23
20170824,102.28,769.77,925.3,16261.62
20170825,102.63,771.63,1008.818,7970.15
20170828,103.9,777.26,868,8904.515
20170829,103.51,774.03,421.93,7552.85
20170830,103.33,778.65,1459.997,6546.51
20170831,103.88,782.76,780.633,12779.74
20170901,103.8,788.73,825.35,6602.87
20170905,104.38,792.31,968.102,10732.32
20170906,104.5,793.55,0,8945.29
20170907,104.61,796.72,724.605,12049.38
20170908,103.91,801.2,834.23,6880.49
20170911,102.88,797.47,0,11756.22
20170912,103.72,799.94,5809.1,10354.26
20170913,104.43,802.78,1141.8,9498.78
20170914,104.38,806.32,515.419,7911.5
20170915,104.48,805.82,780.9,23836.62
20170918,105.13,807.87,407.1,8424.78
20170919,104.72,805.93,3811.39,15527.872
20170920,105.17,805.86,7012.95,12389.148
20170921,105.75,803.93,1029.301,9367.28
20170922,106.51,807.13,831.4,10525.094
20170925,107.33,805.58,649.101,8920.498
20170926,107.9,805.35,178.25,8407.65
20170927,107.51,803.77,705.7,8105.522
20170928,107.42,804.82,888.874,11929.902
20170929,107.65,804.42,567.44,7214.98
20171002,107.51,802.23,219.4,3757.1
20171003,106.53,798,650.35,8157.96
20171004,107.43,805.66,157.733,3973.75
20171005,106.96,805.23,186.686,6391.714
20171006,107.97,807.8,922.72,8131.42
20171009,108.74,808.96,521.659,3411.19
20171010,108.56,810.65,159.8,4461.8
20171011,108.65,813.95,613.7,8463.88
20171012,108.37,815.87,9991.971,7819.6
20171013,109.1,820.95,377.7,4998.84
20171016,109.3,819.43,398.5,15171.86
20171017,109.84,828.29,74953.871,9800.45
20171018,109.42,827.72,5087.575,12404.096
20171019,109.08,828.93,476.61,4899.65
20171020,108.14,826.84,894.5,8696.23
20171023,106.24,820.04,725.4,8326.72
20171024,106.68,825.24,2162.21,29891.416
20171025,107.4,830.69,1020.2,11753.355
20171026,106.31,830.11,1045.664,6662.986
20171027,106.45,840.37,1199.562,5522.28
20171030,105.97,845.2,1366.07,18131.1
20171031,105.15,837.28,624.9,14109.47
20171101,104.97,842.71,1390.63,19691.75
20171102,103.42,833.09,1773.99,13501.29
20171103,104.36,843.73,1676.296,29283.55
20171106,105.09,849.09,1164.499,26321.521
20171107,104.82,850.33,1036.794,409893.826
20171108,105.73,859.7,3314.83,13736.72
20171109,105.86,860.4,2181.996,14698.25
20171110,106.37,868.21,869.51,19712.422
20171113,106.78,879.34,1038.7,48885.535
20171114,107.06,880.9,2141.62,37506.076
20171115,107.48,882.59,2168.124,28740.96
20171116,108.29,892.8,1215.338,30004.538
20171117,108.31,890.69,343.6,21671.903
20171120,108.11,903.55,800.285,22217.54
20171121,108.02,918.3,800.45,18066.86
20171122,109.28,932.66,794.31,26776.479
20171123,110.17,933.7,1516.191,10292.02
20171124,110.82,935.57,1734.87,17205.33
20171127,112.02,938.61,4229.17,14166.037
20171128,111.49,941.21,1828.037,76701.722
20171129,113.94,952.14,9551.432,12035.16
20171130,114.72,949.93,2529.46,16057.02
20171201,115.49,960.33,712.311,10072.41
20171204,116.7,970.02,2280.2,20493.2
20171205,113.22,953.3,1058.571,17521.568
20171206,113.36,947.64,1698.72,10077.63
20171207,114.52,938.65,795.947,9382.901
20171208,113.8,940.16,603.9,10651.88
20171211,111.78,917.45,1408.063,10791.73
20171212,110.9,927.25,1765.048,15093.08
20171213,110.44,924.4,0,14648.484
20171214,111.46,935.85,479.7,7264.99
20171215,111.61,935.16,510.71,28278.54
20171218,113.71,958.06,1480.651,11491.979
20171219,113.35,951.42,961.315,15419.684
20171220,113.94,953.51,1659.6,13417.409
20171221,113.56,946.06,756,14811.99
20171222,113.03,952.32,250.786,30111.14
20171225,113.23,958.31,253.34,2669.22
20171226,114.05,965.93,868,9396.05
20171227,115.57,968.46,1269.116,15823.955
20171228,116.4,976.72,606.58,13130.52
20171229,116.86,984.24,2290.5,24653.89
20180102,118.86,995.77,2004.04,11914.46
20180103,119.18,1005.67,3292.166,18757.1
20180104,119.49,1019.75,2029.396,17841.28
20180105,118.91,1012.65,2130.63,20264.666
20180108,121.07,1022.9,1182.745,28231.573
20180109,122.14,1033.56,657.645,25619.97
20180110,121.92,1038.11,1124.865,30616.131
20180111,122.84,1048.17,0,22250.34
20180112,120.75,1050.11,4609.757,29460.48
20180115,122.03,1063.47,1070.837,22757.502
20180116,121.59,1062.96,862.62,20245.57
20180117,120.42,1034.69,1109.669,26080.18
20180118,121.89,1050.25,1114.948,23300.14
20180119,122.39,1062.07,1054.645,27834.89
20180122,123.88,1087.42,1394.453,67069.82
20180125,126.62,1104.57,1918.15,252254.84
20180126,126.82,1115.64,2647.044,140164.85
20180129,127.35,1109.8,5396.51,168787.01
20180130,127.36,1110.56,1677.023,206804.08
20180131,125.89,1110.36,1334.061,183601.586
20180201,123.15,1099.67,1884.81,224607.736
20180202,123.97,1105.04,1473.33,192953.894
20180205,118.94,1048.71,2768.22,284832.11
20180206,115.63,1011.6,9529.72,1575443.34
20180207,119.62,1040.55,1699.62,193418.92
20180208,116.93,1023.25,1214.14,325572.105
20180209,117.49,1003.94,1973.42,423447.808
20180212,122.01,1041.79,1135.705,275399.43
20180213,124.3,1059.73,967.7,219919.32
20180221,125.85,1087.15,0,502347.171
20180222,124.69,1076.03,1307.35,453782.64
20180223,126.24,1102.85,621.83,248823.66
20180226,126.18,1114.53,537,287284.4
20180227,127.28,1119.61,3380.706,272011.95
20180228,128.04,1121.54,1412.615,405139
20180301,127.09,1115.79,2379.419,209191.4
20180302,128.25,1121.21,2074.8,251516.2
20180305,125.51,1093.48,2391.85,353008.03
20180306,127.33,1120.29,1727.96,425614.93
20180307,125.6,1112.26,1021.512,556080.596
20180308,126.14,1124.15,8616.884,262400.4
20180309,127.57,1123.41,1819.18,400847.8
20180312,129.06,1126.29,1237.827,610626.606
20180313,129.66,1133.31,895.67,440263.37
20180314,130.42,1138.09,0,372861.46
20180315,131.28,1138.76,1958.26,291042.4
20180316,133.09,1150.19,1237.56,1012480.55
20180319,134.09,1159.22,8468.744,392700.93
20180320,135.28,1159.39,1500.823,191594.1
20180321,134.96,1169.36,388434.449,433533.783
20180322,134.04,1172.36,2103.04,381152.19
20180323,131.87,1153.59,3469.18,384367.48
20180326,133.66,1171.22,942.813,244833.22
20180327,133.28,1171.73,172742.734,248788.6
20180328,132.55,1172.24,2627.269,554181.608
20180329,131.87,1167.03,219422.352,371640.186
20180330,132.45,1174.46,1098.488,409986.067
20180402,135.4,1196.61,529.221,270572.15
20180403,135.62,1188.29,2510.039,533296.847
20180404,135.32,1191.54,1440.555,738273.23
20180405,136.75,1193.17,1780.181,200285.28
20180406,138.01,1199.96,2142.18,293344.82
20180409,137.78,1204.33,136938.65,273877.3
20180410,136.68,1198.12,112319.022,428365.788
20180411,133.74,1167.11,94908.968,714882.217
20180412,135.63,1173.02,2927.551,391687.602
20180413,133.33,1157.14,3856.31,269668.75
20180416,133.3,1148.49,6347.719,252670.89
20180417,134.24,1153.28,3076.67,457267.47
20180418,132.77,1138.53,1364.553,377465.06
20180419,131.05,1094.63,2856.4,355126.603
20180420,132.57,1119.86,1607.5,1519012.31
20180423,126.13,1076.78,932.04,368845.388
20180424,126.3,1080.74,249922.9,341314.42
20180426,120.11,1044.86,362046.825,531002.01
20180427,122.64,1050.26,2268.91,589902.915
20180502,120.97,1029.08,2509.165,442070.59
20180503,122.5,1026.46,264779.666,537192.116
20180504,122.57,1026.8,874.274,360158.39
20180507,126.54,1062.26,874.274,452760.96
20180508,125.32,1060.45,7751.61,683857.8
20180509,123.85,1056.97,336.83,365280.49
20180510,120.95,1028.87,1592.926,1020442.39
20180511,122.76,1044.85,635.502,161873.97
20180514,123.27,1066.98,496.21,228706.17
20180515,123.65,1073.5,760.8,279383.614
20180516,121.48,1054.62,4822.601,428532.78
20180517,121.49,1030.64,974.9,159977.68
20180518,121.26,1040.54,2004.4,2147483.647
20180521,119.65,1014.98,988.3,163784.55
20180522,116.71,985.91,8528.842,360724.85
20180523,118.1,988.94,2877.65,338306.4
20180524,117.06,985.92,1722.501,357517.58
20180525,114.48,963.9,1542.066,270497.94
20180528,107.37,931.75,3284.95,358192.26
20180529,112.88,952.18,888.717,297011.9
20180530,111.69,948.5,1214.502,251488.83
20180531,114.91,971.25,1982.711,345634.39
20180601,115.74,992.87,156111.08,391590.68
20180604,118.31,1013.78,850.918,270182.96
20180605,118.18,1022.74,481.7,286332.64
20180606,120.41,1034.5,1019.411,190400.3
20180607,118.99,1036.69,4844.71,296015.9
20180608,119.85,1039.01,771.4,156696.6
20180611,118.45,1039.02,280.35,261875.8
20180612,116.48,1020.76,1150.6,345821.92
20180613,116.66,1030.53,156.55,159081.6
20180614,114.91,1015.72,184.5,243743.367
20180615,115.9,1016.51,977.9,582410.16
20180618,113.04,987.34,1052.71,7599.09
20180619,110.57,962.16,3487.91,42389.68
20180620,112.1,980.95,2706.005,39406.48
20180621,110.16,969.4,334.8,44760.12
20180622,111.98,983.17,2116.5,67382.4
20180625,111.99,990.52,350.9,23584.95
20180626,110.92,983.02,139.4,39828.15
20180627,109.66,968.91,1246.5,73964.835
20180628,107.05,957.35,1065.9,52521.95
20180629,106.16,960.78,631.3,80756.17
20180702,102.76,947.15,837.22,134339.5
20180703,98.79,906.01,2366.713,139263.76
20180704,99.99,914.99,555.43,79612.803
20180705,96.38,899.4,1404.446,120711
20180706,100.69,917.51,305.3,162022.08
20180709,100.75,915.12,2458.15,95977.42
20180710,101.62,911.12,937.387,159498.46
20180711,98.52,893.16,2656.452,266277.26
20180712,100.43,898.51,739.1,87194.58
20180713,102.51,909.72,884.442,146206.44
20180716,103.12,911.11,2205.001,226597.28
20180717,104.82,921.27,933.34,213175.69
20180718,106.92,942.39,1780.4,332008.143
20180719,105.58,943.97,1260.215,383683.43
20180720,107.61,933.39,1177.82,335689.56
20180723,106.3,936.74,1830.304,309882.2
20180724,105.54,934.08,4901.2,190731.25
20180725,103.58,927.58,208612.45,208612.45
20180726,104.58,930.16,230135.49,230135.49
20180727,105.7,935.52,175487.09,175487.09
20180730,106.75,949.73,537.1,135798.05
20180731,106.15,956.39,996.009,263233.86
20180801,105.56,952.77,1344.07,233888.05
20180802,105.65,953.55,1450.62,314399.36
20180803,106.24,959.6,3277.376,436645.19
20180806,105.59,960.23,3091.6,353520.046
20180807,105.71,956.79,984.15,537010.57
20180808,107.66,966.27,562.22,247026.508
20180809,107.79,963.5,1883.12,248414.638
20180810,108.41,968.47,1131.12,246554.082
20180813,110.46,978.04,1964.55,333363.87
20180814,109.78,978.27,366.7,195203.68
20180815,108.02,961.37,1031.3,118204.989
20180816,107.91,964.28,592.15,243340.063
20180817,108.02,968.88,951.3,22667.3
20180820,108.06,969.62,414.45,6330.817
20180821,110.02,979.21,334.811,6706.82
20180822,109.98,982.15,378.6,9545.951
20180823,110.51,987.36,1004.44,8651.298
20180824,111.61,987.05,3075.91,13255.837
20180827,111.61,991.92,854.6,8898.02
20180828,112.23,995.19,768.55,13667.46
20180829,112.78,988.17,859.62,8175.787
20180830,113.58,998.07,1611.896,17169.348
20180831,112.79,989.54,2226.282,14537.7
20180904,111.22,975.94,1836.3,6714.65
20180905,110.46,968.44,2699.8,96939.33
20180906,110.47,958.19,2766.842,7992.85
20180907,111.7,968.9,643.35,11047.69
20180910,110.69,970.34,461.4,256937.164
20180911,111.42,985.06,883.7,468663.92
20180912,111.64,987.01,1151.18,229562.27
20180913,112.66,987.95,741.31,213278.24
20180914,113.36,991.34,1641.32,284558.51
20180917,112.76,987.61,367.606,10989.738
20180918,113.59,993.49,1724.84,11113.129
20180919,114.2,995.54,2477.168,310106.53
20180920,115.05,1004.74,1028.412,14668.14
20180921,115.79,1002.97,997.222,46700.75
20180924,115.58,1011.29,395.471,8428.98
20180925,115.52,1010.74,502.706,5599.84
20180926,115.57,1009.61,359.22,5988.18
20180927,116.08,1015.37,783.11,19252.9
20180928,116.27,1017.13,1067.62,33097.722
20181001,115.52,1012.88,566.912,17496.6
20181002,115,1018.79,948.645,19977.68
20181003,115.29,1020.4,640.95,20673.5
20181004,116.27,1023.62,2736.32,11930.433
20181005,114.67,1008.39,1694.019,24508.622
20181008,114.38,996.12,499.51,15135.409
20181009,114.29,996.19,1002.72,6842.79
20181010,113.76,993.96,1388.39,9651.68
20181011,107.17,945.89,1521.7,14599.195
20181012,109.75,970.08,974.34,24174.822
20181015,107.67,951.64,2222.965,37164.79
20181016,108.59,963.37,893.685,19326.189
20181017,109.39,971.6,714.2,46756.58
20181018,107.91,963.47,668.12,11656.31
20181019,108.09,958.36,548.4,6364.7
20181022,107.54,953.51,2523.33,11303.7
20181023,105.06,939.68,1292.025,96547.99
20181024,103.73,922.73,998.91,78023.486
20181025,103.09,910.17,1844.18,98874.75
20181026,101.79,900.82,1466.91,11723.76
20181029,101.17,888.82,1206.6,136180.61
20181030,101.72,888.69,1564.62,9355.643
20181031,105.35,914.76,942.12,16885.27
20181101,103.36,907.96,325.72,39923.739
20181102,105.75,924.86,577.53,299339.12
20181105,105.53,925.53,330.71,11063.93
20181106,104.55,922.05,652.2,7764.54
20181107,104.19,922.16,625.7,267482.1
20181108,104.53,926.28,255.1,149093.3
20181109,103.01,914.29,104.81,9354.42
20181112,103.36,918.12,2856.5,8632.48
20181113,102.47,905.38,1850.6,11193.12
20181114,101.19,900.93,452.505,11831.93
20181115,101.01,897.15,80.65,7615.66
20181116,103.01,898.19,525.1,8875.93
20181119,103.94,916.06,511.7,8335.14
20181120,103.9,919.02,566.2,14198.187
20181121,103.89,922.56,498.045,13207.25
20181122,104.55,924.42,507.849,16522.785
20181123,104.27,917.97,637.42,13255.462
20181126,103.97,921.03,500.8,8259.212
20181127,103.18,923.12,367.7,250736.614
20181128,104.09,930.2,149.491,258734.3
20181129,104.17,926.79,368.82,9108.04
20181130,104.82,926.54,610.04,13763.642
20181203,107.63,951.59,403.7,338403.21
20181204,107.38,958.84,418.33,12143.71
20181205,107.74,957.14,563.81,13187.883
20181206,107.09,954.82,547.01,8457.5
20181207,107.13,958.59,1856.6,7718.54
20181210,106.81,955.89,318.543,8984.18
20181211,106.58,954.58,518.24,9741.89
20181212,107.67,961.28,707.21,22207.32
20181213,107.3,960.25,2617.36,15869.53
20181214,106.65,952.04,1161.02,10366.45
20181217,105,933.65,1255.26,34240.73
20181218,104.42,927.25,692.73,19774.49
20181219,104.16,919.24,635.8,45710.41
20181220,104.52,918.24,1306.185,48684.4
20181221,104.44,912.26,207.11,26698.71
20181224,103.34,908.56,213.7,9425.15
20181225,102.43,897.94,1865.44,7728.11
20181226,102.27,891.75,431.51,13642.28
20181227,103.98,900.81,710,16015.068
20181228,104.23,892.54,569.38,20865.85
20190102,102.67,891.75,89.138,10057.27
20190103,100.52,878.22,214.8,10862.442
20190104,100.84,880.9,823.8,8366.78
20190107,101.92,889.64,1012.783,7784.5
20190108,101.26,887.44,631.1,10123.64
20190109,102.13,896.99,1667.6,13261.35
20190110,101.77,898.3,388.56,13715.182
20190111,101.86,902.71,373.3,10685.819
20190114,101.57,901.8,412.1,8252.98
20190115,102.58,909.68,858.2,13734.37
20190116,101.98,908.7,748.74,14643.75
20190117,101.92,901.89,208.9,9246.18
20190118,101.55,902.3,696.4,39165.365
20190121,103.36,911.05,220.6,6362.26
20190122,102.53,906.55,1263.6,14972.815
20190123,102.67,908.18,1649,13351.947
20190124,102.78,908.79,80.7,12518.88
20190125,102.74,908.88,326.4,12643.978
20190128,102.31,912.18,1567.4,13223.773
20190129,102.36,915.93,1322.86,17451.41
20190130,102.8,915.84,1337.938,19772.416
20190131,102.87,910.65,931.64,19499.21
20190201,103.33,908.67,448.4,16534.882
20190211,105.24,926.1,353.2,21259.455
20190212,106.04,937.54,1217.4,21290.491
20190213,106.49,945.25,2018.34,27396.1
20190214,106.11,952.34,119.82,32447.553
20190215,106.11,950.89,1123.2,20248.94
20190218,106.83,961.3,1882.3,15352.58
20190219,106.2,964.35,666.23,18303.78
20190220,106.3,970.58,1120.619,21208.68
20190221,106.11,987.57,2757.6,20903.12
20190222,106.81,988.91,1342.8,15222.795
20190225,107.61,994.43,2581.77,467992.41
20190226,107.66,987.06,2501.9,18812.35
20190227,107.63,990.27,1638.447,339073.585
20190228,105.86,965.47,2023.11,15758.47
20190301,107.25,979.63,1101.228,9878.837
20190304,108.52,993.99,890.2,15546.979
20190305,108.24,992.45,2696.5,30451.516
20190306,108.47,994.49,1127.4,14625.511
20190307,108.87,994.03,2067.86,14761.269
20190308,108.22,985.25,624.4,9537.353
20190311,108.31,984.6,1271.8,12646.52
20190312,109.55,1001.32,644.888,15156.651
20190313,109.82,1005.41,929.9,18034.305
20190314,110.01,1008.44,1338.682,19505.36
20190315,110.44,1004.12,809.9,524772.988
20190318,110.88,1011.86,384.414,364497.75
20190319,110.05,1006.59,1051.75,19158.65
20190320,109.61,1002.3,182.574,1867426.412
20190321,107.81,981.78,1383.463,12119.91
20190322,108.08,988.71,21240.314,37729.03
20190325,106.4,970.07,4708.464,422484.006
20190326,106.84,969.79,1150.713,13840.675
20190327,107.55,975.91,1128.71,14597.192
20190328,107.33,982.98,1807.7,18599.52
20190329,107.43,980.76,513.208,31184.233
20190401,107.72,988.53,1058.417,9544.9
20190402,107.48,985.81,1168.239,16653.28
20190403,107.29,984.46,1729.86,13657.6
20190404,107.41,986.91,1095.795,10333.46
20190405,107.87,989.26,933.12,9993.316
20190408,108.92,997.56,2411.2,10990.402
20190409,107.7,988.48,386.95,9296.98
20190410,107.43,981.91,1562.55,7896.22
20190411,107.57,985.95,486,4766.11
20190412,107.7,982.9,653.56,7398.89
20190416,107.11,977.17,2996.649,12660.74
20190417,106.42,972.1,1432.41,16077.938
20190418,105.75,962.3,754.525,8188.03
20190419,105.87,966.21,341.831,3204.78
20190422,105.63,965.86,560.725,163490.05
20190423,106.28,968,455.5,11690.7
20190424,107.14,976.92,629.35,12740.05
20190425,106.93,974.13,559.31,15370.27
20190426,107.46,979.64,459.5,6527.232
20190502,107,978.5,394.81,14121.822
20190503,106.87,974.14,174.62,9406.46
20190506,105.41,957.97,647.05,7139.7
20190507,105.82,957.56,997.91,16246.85
20190508,105.9,951.22,689.71,12334.76
20190509,105.25,947.01,345.31,1225029.084
20190510,105.85,952.55,1344.2,7682.48
20190513,105.61,958.54,488.62,375405.6
20190514,105.69,965.34,1444.001,10100.63
20190515,106.43,975.64,688.447,8967.74
20190516,106.08,975.69,1835.949,13558.028
20190517,105.78,976.48,998.4,279284.47
20190520,106.31,987.13,3994.69,6686.12
20190521,106.28,986.29,309.8,1350766.146
20190522,106.12,983.78,3353.62,16434.15
20190523,106.29,982.71,68.12,829994.626
20190524,105.38,970.03,90.22,12302.096
20190527,105.04,975.14,270.56,9625.94
20190528,105.03,972,429.1,18193.37
20190529,105.32,971.54,368.8,11666.363
20190530,105.32,969.34,457.05,16559.989
20190531,104.35,959.88,413.01,249413.092
20190603,103.28,946.47,539.3,13741.63
20190604,103.06,951.16,233.47,12157.839
20190605,103.54,951.41,183.71,14080.987
20190606,103.03,948.21,75.325,9358.627
20190607,104.21,958.28,133.3,167032.848
20190610,103.99,962.9,750.3,14356.553
20190611,103.95,962.07,695.3,14416.04
20190612,103.56,954.17,145.9,167668.398
20190613,103.5,950.08,845.7,126554.7
20190614,103.46,953.61,112.7,9999.38
20190617,103.5,946.95,282.91,14716.517
20190618,103.75,944.01,188.3,19593.44
20190619,103.77,949.69,274.44,18391.89
20190620,105.06,959.18,335.14,13906.85
20190621,104.85,959.2,334.32,56613.045
20190624,104.78,962.85,501.52,10109.13
20190625,104.15,960.13,456.101,11822.719
20190626,103.95,959.13,788.7,12924.61
20190627,102.96,943.11,420.42,204857.4
20190628,103.51,949.94,569,15326.197
20190701,104.09,965.61,335.8,7389.77
20190702,103.46,961.98,508.3,223142.982
20190703,103.67,960.39,528.225,22492.136
20190704,104.34,973.04,997.9,206947.54
20190705,104.38,975.34,567,209739.73
20190708,103.81,966.35,116.3,14041.07
20190709,105.1,969.05,406.626,24331.002
20190710,105.14,973.65,1667.9,12236.068
20190711,106.01,978.63,1624.6,14086.576
20190712,105.86,975.4,1108.31,12630.6
20190715,105.61,972.53,335.95,5564.92
20190716,105.85,982.11,315.41,351955.83
20190717,106.58,982.57,336.91,10218.81
20190718,106.74,976.05,510.92,10313.663
20190719,107.07,982.34,1056.93,15033.543
20190722,106.76,982.04,249.52,13719.835
20190723,106.71,989.46,420.802,18063.553
20190724,106.44,988.41,128.41,9554.98
20190725,106.76,994.95,801,234818.74
20190726,106.4,993.35,471.9,177856.63
20190729,105.29,997.94,158.3,9282.212
20190730,104.43,986.02,158.3,157109.3
20190731,104.43,991.66,1129.4,22299.294
20190801,103.88,997.39,349.36,8395.72
20190802,103.7,991.1,602.4,8647.74
20190805,102.91,973.15,1205.187,8992.55
20190806,101.89,964.61,544.962,15620.613
20190807,101.89,965.93,890.5,10679.472
20190808,102.9,975.24,699.9,37763.601
20190809,102.79,974.34,455.82,8930.328
20190812,102.82,975.31,1113.66,11852.71
20190813,102.29,966.83,1063.2,11763.64
20190814,101.98,968.91,757.7,10062.18
20190815,101.66,979.38,335.3,5185.2
20190816,102.35,980,618.7,7635.739
20190819,102.58,981.03,447.93,14640.69
20190820,102.98,984.67,182.12,8628.689
20190821,103.01,994.38,585.688,17224.012
20190822,103.5,997.26,251.019,7450.41
20190823,103.25,992.45,1706.914,5835.248
20190826,102.81,982.88,1246.046,5524.94
20190827,102.86,976.79,1331.34,23989.41
20190828,102.32,977.26,1362.1,11176.701
20190829,101.94,978.59,646.298,8161.609
20190830,102.32,984.06,907.7,13424.86
20190903,101.4,979.36,4057.896,13475.791
20190904,100.95,977.63,735.752,273538.39
20190905,100.96,976.79,199.7,5841.117
20190906,100.92,974.08,735.33,11038.453
20190909,100.85,974.12,98,7592.65
20190910,99.97,970.26,1144.55,10457.48
20190911,100.17,969.31,1099.384,8537.605
20190912,101.11,976.07,99.8,7467.11
20190913,102.2,987.22,135.87,10455.15
20190916,102.21,989.86,535.387,9894.53
20190917,102.23,996.74,949.9,17114.595
20190918,102.29,995.15,153.43,23146.176
20190919,104.04,997.1,1437.1,17899.557
20190920,104.14,990.36,600.82,21845.41
20190923,104.38,985.75,1235.26,14431.706
20190924,104.01,988.13,283.51,7159.5
20190925,103.81,987.3,262.2,5317.81
20190926,104.77,990.75,699.6,7517.001
20190927,104.77,997.84,287.137,15747.893
20190930,105.05,996.56,411.605,10083.216
20191001,105.85,999.59,447,12592.25
20191002,105.27,991.19,651.3,16570.051
20191003,105.21,992.45,446.8,8675.77
20191004,105.16,987.59,797.9,6834.27
20191007,103.73,983.09,909.67,7687.36
20191008,103.92,988.22,717.12,7802.49
20191009,104.62,987.83,431.801,7606.987
20191010,105.16,987.38,262.29,8984.658
20191011,105.26,991.84,246,11766.23
20191014,106.05,993.57,317.375,9158.59
20191015,106.01,993.05,4540.5,11003.05
20191016,105.93,994.46,590.2,11054.07
20191017,106.07,989.82,391.9,8529.352
20191018,105.48,989.2,356.7,8926.58
20191021,104.01,983.56,253.12,11766.23
20191022,104.49,987.19,1026.49,274578.27
20191023,104.14,987.79,277.85,14078.134
20191024,104.64,993.6,249.72,8722.23
20191025,104.71,996.57,677.1,11083.344
20191028,105.04,996.48,1209.3,8251.5
20191029,104.68,995.87,154.25,8143.19
20191030,105.89,1000.89,592.8,10006
20191031,105.19,998.82,420.32,16785.39
20191101,105.75,1015.59,15002.49,18053.17
20191104,106.6,1022.43,631,13281.26
20191105,106.71,1024.34,208.3,17914.732
20191106,106.75,1024.91,155.565,14546.61
20191107,106.88,1024.03,1459.65,17499.13
20191108,107.27,1022.49,372,12344.39
20191111,106.76,1016.75,552.61,286254.27
20191112,106.96,1018.33,976.6,270609.68
20191113,107.2,1012.77,3903.5,47812.715
20191114,106.24,1012.3,372.8,10878.95
20191115,106.03,1010.03,729.35,12975.22
20191118,105.15,1002.91,315.7,9288.9
20191119,105.49,1008.35,312.5,28378.948
20191120,104.91,1000.56,688,14122.88
20191121,104.74,987.89,145.67,478531.458
20191122,103.09,977.78,301.626,539203.481
20191125,103.46,976.35,1038.241,10474.646
20191126,103.99,976.79,330.55,23224.442
20191127,103.23,978.17,350.4,14867.914
20191128,102.34,970.39,206.028,9832.78
20191129,102.5,970.75,327.9,14567.505
20191202,100.9,959.31,124.817,243372.49
20191203,101.07,953.43,178.805,458146.202
20191204,102.47,965.9,251.879,21826.68
20191205,102.37,963.27,946,10866.47
20191206,102.5,963.56,2190.4,10126.89
20191209,102.36,966.06,249.523,15627.33
20191210,102.04,960.3,187.3,14665.801
20191211,102.38,961.78,374.32,15305.099
20191212,102.71,968.17,245.344,14055.07
20191213,102.94,966.18,175.68,9513.32
20191216,103.22,961.47,170.015,20528.79
20191217,102.9,954.03,620.4,16054.996
20191218,101.8,951.13,347.207,17923.09
20191219,102,952.26,550.88,21082.68
20191220,102.42,956.41,165.93,21799.94
20191223,102.35,959.43,320.251,12397.73
20191224,102.45,958.88,401.1,11141.446
20191225,102.93,960.92,493.5,4874.99
20191226,102.32,958.59,242.6,13883.18
20191227,102.6,963.51,164.219,11593.31
20191230,102.16,965.03,456.07,9691.23
20191231,102.51,960.99,253.36,9060.758
20200102,102.99,966.67,106.962,5294.34
20200103,102.39,965.14,339.405,11445.33
